schema_version,N,n_vertices,m,seed,connected,W,W_semantics,W_model,W_model_hex,W_exact_numerator,W_exact_denominator,W_upper,W_upper_hex,W_upper_numerator,W_upper_denominator,Lambda_I,K_gap_exact_numerator,K_gap_exact_denominator,K_gap_from_W_upper_exact_numerator,K_gap_from_W_upper_exact_denominator,K_gap_cert,K_gap_cert_hex,K_gap_cert_numerator,K_gap_cert_denominator,K_gap_cert_derivation,D_norm_bound,D_norm_exact_numerator,D_norm_exact_denominator,D_norm_bound_derivation,D_lambda_min_est,D_lambda_max_est,D_spectral_diameter_est,D_norm_est,K_gap_cert_over_diameter_est,diagnostic_matvecs,E0P_model,E1P_model,delta_target,eta,h_floor,unresolved_probe_strategy,unresolved_probe_initial,unresolved_probe_max,dmin_est,s_star,anchor_ritz_gap_min_est,anchor_ritz_gap_s_min_est,frac_weyl,frac_floor,frac_floor_poly,weyl0_frac_pos,psd_frac_pos,solves_hybrid,conditional_oracle_calls,weylA_oracle_calls,solves_uniform,uniform_solves,target_conditionally_resolved_frac,positive_conditionally_resolved_frac,unresolved_frac,num_windows,total_window_width,conditional_interval_coverage,global_conditional_gap_lb_raw,global_conditional_gap_lb,resolved_interval_conditional_gap_lb_min,global_conditionally_resolved,conditional_envelope_sampled_min_raw,conditional_envelope_sampled_min_nonnegative,uniform_sampled_target_frac,uniform_sampled_positive_frac,uniform_sampled_unresolved_frac,uniform_target_frac,uniform_positive_frac,uniform_uncert_frac,matvecs,dense_consistency_checked,validated,sampled_reference_gap_min_est,sampled_reference_s_min_est,sampled_conditional_lb_at_reference_min,sampled_tightness_ratio_at_reference_min,sampled_tightness_ratio_mean,sampled_tightness_ratio_min,sampled_tightness_ratio_max,sampled_additive_slack_mean,sampled_additive_slack_max,global_lb_to_sampled_reference_min_ratio,heuristic_integral_sampled_est,N_heuristic,wall,t_weylA,wall_validation,conditional_log_path,graph_schema_version,graph_model,graph_p,graph_generation_seed,graph_generation_attempts,rng_bit_generator,edge_payload_sha256,graph_record_sha256,graph_record_path,repository_head,source_main_sha256,source_driver_sha256,graph_archive_path,graph_archive_sha256,graph_archive_records
4,10,11,28,0,True,29.36314564128569,compatibility alias of W_upper,29.363145641285687,0x1.d5cf71cdd01c9p+4,66119925884259915,2251799813685248,29.36314564128569,0x1.d5cf71cdd01cap+4,4132495367766245,140737488355328,10,88637924021112395,2251799813685248,5539870251319525,140737488355328,39.36314564128569,0x1.3ae7b8e6e80e5p+5,5539870251319525,140737488355328,least binary64 >= exact_binary64(W_upper) + Lambda_I,29.36314564128569,66119925884259915,2251799813685248,"max(W_upper, Lambda_I)",0.3654738178444536,24.442488826967132,24.07701500912268,24.442488826967132,1.634884790592653,112,7.038786942596595,8.389784897450204,0.25,0.9,1e-06,exponential_mark_and_probe,0.001,0.05,0.3982701186123272,0.4171892683344835,0.3982701186123272,0.4171892683344835,0.08955223880597014,0.31840796019900497,0.11940298507462686,0.08955223880597014,0.31840796019900497,57,57,57,159,159,0.009086027383411133,1.0,0.0,0,0.0,1.0,0.039827011861232,0.039827011861232,0.039827011861232,True,0.2274231862800026,0.2274231862800026,1.0,1.0,0.0,1.0,1.0,0.0,23574,True,True,0.39830602887972066,0.42,0.2876308787040238,0.7221353879905287,0.7760838050649596,0.5318145522952606,0.9999999999999964,0.2115178741386376,0.8624410627819352,0.09999098425210844,56.52478490176847,56.52478490176847,8.745627641677856,8.745627641677856,80.39842176437378,results/conditional_log_N10_seed0.json,2,Erdos-Renyi,0.5,0,1,PCG64,ebed5fddefb3ee3407f3c378ff4f37afb0cf2ea4fc6d5cf262c6365db0aa0d9e,b5490d9d7727f8de9c11da3b924a9256f9886a7a0e3d3c1f6f02511fe901ef80,results/graph_N10_seed0.json,60ec3ad30931968819e5d02e590a47bcc02d2663,a6cade752c8530480b3741b86a17762b16f83f42c3eb3e5951321a19af1c0b47,addb3bac26421d3de0d2bf7858e599a4b9187e5a902564dec63be983816442b7,results/graph_instances.jsonl,0325f5fcc2ea08ef2e3719af0d5210410a8f886abac26c005f0f18f0361bc4d8,40
4,10,11,23,1,True,23.366294000846572,compatibility alias of W_upper,23.366294000846572,0x1.75dc571925b66p+4,210464865910484149,9007199254740992,23.366294000846572,0x1.75dc571925b66p+4,3288513529851315,140737488355328,10,300536858457894069,9007199254740992,4695888413404595,140737488355328,33.36629400084657,0x1.0aee2b8c92db3p+5,4695888413404595,140737488355328,least binary64 >= exact_binary64(W_upper) + Lambda_I,23.366294000846572,210464865910484149,9007199254740992,"max(W_upper, Lambda_I)",-2.1786330906584737,18.59430721878891,20.77294030944738,18.59430721878891,1.6062383804988756,112,5.155569219406514,5.18524393149357,0.25,0.9,1e-06,exponential_mark_and_probe,0.001,0.05,0.02831633628993213,0.9406220099896803,0.02831633628993213,0.9406220099896803,0.06467661691542288,0.15920398009950248,0.14925373134328357,0.06467661691542288,0.15920398009950248,295,295,295,135,135,0.0,1.0,0.0,0,0.0,1.0,0.0028316336289836673,0.0028316336289836673,0.0028316336289836673,True,0.016796904066592563,0.016796904066592563,0.5223880597014925,0.8606965174129353,0.13930348258706468,0.5223880597014925,0.8606965174129353,0.13930348258706468,44455,False,False,,,,,,,,,,,,,15.39754605293274,15.39754605293274,0.0,,2,Erdos-Renyi,0.5,1,1,PCG64,966402bdeb93b4c870dd764de6f858f77f10f5aa2e3c0cbecffc21d28f244885,a3194a6058a5bccba8e31c91ab36fa5276740b4068e7a0379d1b66f339aa42c0,results/graph_N10_seed1.json,60ec3ad30931968819e5d02e590a47bcc02d2663,a6cade752c8530480b3741b86a17762b16f83f42c3eb3e5951321a19af1c0b47,addb3bac26421d3de0d2bf7858e599a4b9187e5a902564dec63be983816442b7,results/graph_instances.jsonl,0325f5fcc2ea08ef2e3719af0d5210410a8f886abac26c005f0f18f0361bc4d8,40
4,10,11,27,2,True,27.233825918739857,compatibility alias of W_upper,27.233825918739853,0x1.b3bdc03f1f1e0p+4,245300496519019533,9007199254740992,27.233825918739857,0x1.b3bdc03f1f1e1p+4,7665640516219361,281474976710656,10,335372489066429453,9007199254740992,10480390283325921,281474976710656,37.23382591873986,0x1.29dee01f8f8f1p+5,5240195141662961,140737488355328,least binary64 >= exact_binary64(W_upper) + Lambda_I,27.233825918739857,245300496519019533,9007199254740992,"max(W_upper, Lambda_I)",0.0072353133059524614,22.348565539664484,22.341330226358533,22.348565539664484,1.6665894797441831,122,7.167483620229185,7.521683650623117,0.25,0.9,1e-06,exponential_mark_and_probe,0.001,0.05,0.24768720423495427,0.6588731554177554,0.24768720423495427,0.6588731554177554,0.06467661691542288,0.19402985074626866,0.12935323383084577,0.06467661691542288,0.19402985074626866,100,100,100,150,150,0.0,1.0,0.0,0,0.0,1.0,0.024768720423490098,0.024768720423490098,0.024768720423490098,True,0.0920908100639426,0.0920908100639426,0.6517412935323383,1.0,0.0,0.6517412935323383,1.0,0.0,28431,False,False,,,,,,,,,,,,,9.632620096206665,9.632620096206665,0.0,,2,Erdos-Renyi,0.5,2,1,PCG64,5f1660ee55521d4968a08d890aacda2f034ec1b2a6ae774d0d6e32a28540c6e0,d6405aa828f7f29449e51882478f2b8452edb42212fb3adf73a9836fc28bf3cb,results/graph_N10_seed2.json,60ec3ad30931968819e5d02e590a47bcc02d2663,a6cade752c8530480b3741b86a17762b16f83f42c3eb3e5951321a19af1c0b47,addb3bac26421d3de0d2bf7858e599a4b9187e5a902564dec63be983816442b7,results/graph_instances.jsonl,0325f5fcc2ea08ef2e3719af0d5210410a8f886abac26c005f0f18f0361bc4d8,40
4,10,11,29,3,True,30.440217802105348,compatibility alias of W_upper,30.440217802105348,0x1.e70b21d2728d3p+4,68545276775319189,2251799813685248,30.440217802105348,0x1.e70b21d2728d3p+4,8568159596914899,281474976710656,10,91063274912171669,2251799813685248,11382909364021459,281474976710656,40.44021780210535,0x1.438590e93946ap+5,2845727341005365,70368744177664,least binary64 >= exact_binary64(W_upper) + Lambda_I,30.440217802105348,68545276775319189,2251799813685248,"max(W_upper, Lambda_I)",0.8907389265048687,25.5462704324668,24.65553150596193,25.5462704324668,1.6402087212083236,102,8.015139814896532,8.03343711574768,0.25,0.9,1e-06,exponential_mark_and_probe,0.001,0.05,0.018294617766906995,0.9997809627886809,0.018294617766906995,0.9997809627886809,0.05472636815920398,0.12437810945273632,0.11940298507462686,0.05472636815920398,0.12437810945273632,217,217,217,163,163,0.0,1.0,0.0,0,0.0,1.0,0.001829667221793889,0.001829667221793889,0.001829667221793889,True,0.009436705233977338,0.009436705233977338,0.6169154228855721,0.9402985074626866,0.05970149253731343,0.6169154228855721,0.9402985074626866,0.05970149253731343,35697,False,False,,,,,,,,,,,,,12.52400279045105,12.52400279045105,0.0,,2,Erdos-Renyi,0.5,3,1,PCG64,9adbe01432e77b260d8a4ed667a61169046f70d3d77fb0bcaecba20910d228dd,43e86145899db8a4c227ab0efa368b24bce6488799c25722e03e0173fd981cf0,results/graph_N10_seed3.json,60ec3ad30931968819e5d02e590a47bcc02d2663,a6cade752c8530480b3741b86a17762b16f83f42c3eb3e5951321a19af1c0b47,addb3bac26421d3de0d2bf7858e599a4b9187e5a902564dec63be983816442b7,results/graph_instances.jsonl,0325f5fcc2ea08ef2e3719af0d5210410a8f886abac26c005f0f18f0361bc4d8,40
4,10,11,25,4,True,26.913781006623417,compatibility alias of W_upper,26.913781006623413,0x1.ae9ed8d53274dp+4,242417788225120685,9007199254740992,26.913781006623417,0x1.ae9ed8d53274ep+4,3787777941017511,140737488355328,10,332489780772530605,9007199254740992,5195152824570791,140737488355328,36.91378100662342,0x1.274f6c6a993a7p+5,5195152824570791,140737488355328,least binary64 >= exact_binary64(W_upper) + Lambda_I,26.913781006623417,242417788225120685,9007199254740992,"max(W_upper, Lambda_I)",-0.9273290865798812,22.06395614473776,22.99128523131764,22.06395614473776,1.605555350004584,102,5.679405200871312,7.329669418266842,0.25,0.9,1e-06,exponential_mark_and_probe,0.001,0.05,0.3634524482798165,0.4241006023028735,0.3634524482798165,0.4241006023028735,0.09950248756218906,0.36318407960199006,0.12935323383084577,0.09950248756218906,0.36318407960199006,51,51,51,149,149,0.018997566750031503,1.0,0.0,0,0.0,1.0,0.03634524482798068,0.03634524482798068,0.03634524482798068,True,0.21208371287627908,0.21208371287627908,1.0,1.0,0.0,1.0,1.0,0.0,24371,False,False,,,,,,,,,,,,,7.876632213592529,7.876632213592529,0.0,,2,Erdos-Renyi,0.5,4,1,PCG64,0d153c0f21326811fc37b290eac3d463daf7a4020a34883f722818797ceea14c,d871cba9e01fc42ed18d763283f000c49765455c034265662288e865437839f1,results/graph_N10_seed4.json,60ec3ad30931968819e5d02e590a47bcc02d2663,a6cade752c8530480b3741b86a17762b16f83f42c3eb3e5951321a19af1c0b47,addb3bac26421d3de0d2bf7858e599a4b9187e5a902564dec63be983816442b7,results/graph_instances.jsonl,0325f5fcc2ea08ef2e3719af0d5210410a8f886abac26c005f0f18f0361bc4d8,40
4,10,11,27,5,True,28.45469069603144,compatibility alias of W_upper,28.45469069603144,0x1.c74669c054022p+4,128148534415589915,4503599627370496,28.45469069603144,0x1.c74669c054022p+4,4004641700487185,140737488355328,10,173184530689294875,4503599627370496,5412016584040465,140737488355328,38.45469069603144,0x1.33a334e02a011p+5,5412016584040465,140737488355328,least binary64 >= exact_binary64(W_upper) + Lambda_I,28.45469069603144,128148534415589915,4503599627370496,"max(W_upper, Lambda_I)",-0.15032864338453358,23.585137539445313,23.735466182829846,23.585137539445313,1.6201363141478735,122,6.887265286896595,7.395644326494955,0.25,0.9,1e-06,exponential_mark_and_probe,0.001,0.05,0.22661223172849532,0.6059808290296748,0.22661223172849532,0.6059808290296748,0.06965174129353234,0.208955223880597,0.12437810945273632,0.06965174129353234,0.208955223880597,105,105,105,155,155,0.00016003826377908315,1.0,0.0,0,0.0,1.0,0.02266122317285027,0.02266122317285027,0.02266122317285027,True,0.1301963698335327,0.1301963698335327,0.681592039800995,1.0,0.0,0.681592039800995,1.0,0.0,28679,False,False,,,,,,,,,,,,,9.088099479675293,9.088099479675293,0.0,,2,Erdos-Renyi,0.5,5,1,PCG64,dfc133b5510f3ed1af30b4c038facde83e9064c66df1e50676f4b0e70c96c9c3,5551126e14f29cc355bc43db33671063e85297caf16904c5b60c0572bcdc6ade,results/graph_N10_seed5.json,60ec3ad30931968819e5d02e590a47bcc02d2663,a6cade752c8530480b3741b86a17762b16f83f42c3eb3e5951321a19af1c0b47,addb3bac26421d3de0d2bf7858e599a4b9187e5a902564dec63be983816442b7,results/graph_instances.jsonl,0325f5fcc2ea08ef2e3719af0d5210410a8f886abac26c005f0f18f0361bc4d8,40
4,10,11,25,6,True,25.20315358785803,compatibility alias of W_upper,25.20315358785803,0x1.93401df9fea51p+4,113504913106838793,4503599627370496,25.20315358785803,0x1.93401df9fea51p+4,7094057069177425,281474976710656,10,158540909380543753,4503599627370496,9908806836283985,281474976710656,35.20315358785803,0x1.19a00efcff529p+5,4954403418141993,140737488355328,least binary64 >= exact_binary64(W_upper) + Lambda_I,25.20315358785803,113504913106838793,4503599627370496,"max(W_upper, Lambda_I)",-1.8085123747848195,20.42601990477048,22.2345322795553,20.42601990477048,1.5832648578008277,102,5.203813075247334,5.32646531686391,0.25,0.9,1e-06,exponential_mark_and_probe,0.001,0.05,0.12167758484080782,0.9844785485875535,0.12167758484080782,0.9844785485875535,0.06467661691542288,0.16417910447761194,0.13930348258706468,0.06467661691542288,0.16417910447761194,113,113,113,142,142,0.0,1.0,0.0,0,0.0,1.0,0.012167758484020338,0.012167758484020338,0.012167758484020338,True,0.014464700358594706,0.014464700358594706,0.6915422885572139,1.0,0.0,0.6915422885572139,1.0,0.0,20753,False,False,,,,,,,,,,,,,6.865139007568359,6.865139007568359,0.0,,2,Erdos-Renyi,0.5,6,1,PCG64,0a0f3f94a8ec78ecb21089bee1511476be131dbd8ae6ae601b24ffacfd42401e,0cddf8c9452264dc11e52b4e60ce0b56fea48703dab9fdb91775f6f8da253e52,results/graph_N10_seed6.json,60ec3ad30931968819e5d02e590a47bcc02d2663,a6cade752c8530480b3741b86a17762b16f83f42c3eb3e5951321a19af1c0b47,addb3bac26421d3de0d2bf7858e599a4b9187e5a902564dec63be983816442b7,results/graph_instances.jsonl,0325f5fcc2ea08ef2e3719af0d5210410a8f886abac26c005f0f18f0361bc4d8,40
4,10,11,24,7,True,24.061469102682494,compatibility alias of W_upper,24.061469102682494,0x1.80fbc7069bc5cp+4,216726446569655153,9007199254740992,24.061469102682494,0x1.80fbc7069bc5cp+4,1693175363825431,70368744177664,10,306798439117065073,9007199254740992,2396862805602071,70368744177664,34.061469102682494,0x1.107de3834de2ep+5,2396862805602071,70368744177664,least binary64 >= exact_binary64(W_upper) + Lambda_I,24.061469102682494,216726446569655153,9007199254740992,"max(W_upper, Lambda_I)",-1.4174295989414618,19.376791893457746,20.794221492399206,19.376791893457746,1.638025694548497,112,5.794327501309197,6.181306855063304,0.25,0.9,1e-06,exponential_mark_and_probe,0.001,0.05,0.28727750390257967,0.5138554324346626,0.28727750390257967,0.5138554324346626,0.07462686567164178,0.21393034825870647,0.14427860696517414,0.07462686567164178,0.21393034825870647,80,80,80,138,138,0.0,1.0,0.0,0,0.0,1.0,0.028727750390253992,0.028727750390253992,0.028727750390253992,True,0.05917116097553571,0.05917116097553571,0.8905472636815921,1.0,0.0,0.8905472636815921,1.0,0.0,24150,False,False,,,,,,,,,,,,,7.373952865600586,7.373952865600586,0.0,,2,Erdos-Renyi,0.5,7,1,PCG64,113bbbac9269c0d9c4284ef390c8ef8f9dce4787c56581c0b0412314a8935817,72be24c747ff2faccf21a87bdd3a5cb5e23682bc028c2b0a715230b4e9e5b04e,results/graph_N10_seed7.json,60ec3ad30931968819e5d02e590a47bcc02d2663,a6cade752c8530480b3741b86a17762b16f83f42c3eb3e5951321a19af1c0b47,addb3bac26421d3de0d2bf7858e599a4b9187e5a902564dec63be983816442b7,results/graph_instances.jsonl,0325f5fcc2ea08ef2e3719af0d5210410a8f886abac26c005f0f18f0361bc4d8,40
4,10,11,31,8,True,27.716340595479302,compatibility alias of W_upper,27.716340595479302,0x1.bb76218e6617ap+4,249646602355748665,9007199254740992,27.716340595479302,0x1.bb76218e6617ap+4,3900728161808573,140737488355328,10,339718594903158585,9007199254740992,5308103045361853,140737488355328,37.7163405954793,0x1.2dbb10c7330bdp+5,5308103045361853,140737488355328,least binary64 >= exact_binary64(W_upper) + Lambda_I,27.716340595479302,249646602355748665,9007199254740992,"max(W_upper, Lambda_I)",0.5456052728320699,22.82718460202856,22.28157932919649,22.82718460202856,1.6927139696088775,122,7.358451392748964,8.250323809571288,0.25,0.9,1e-06,exponential_mark_and_probe,0.001,0.05,0.18697729571029775,0.5105662124499482,0.18697729571029775,0.5105662124499482,0.07960199004975124,0.26865671641791045,0.12935323383084577,0.07960199004975124,0.26865671641791045,82,82,82,152,152,0.013300428471090364,1.0,0.0,0,0.0,1.0,0.018697729571030913,0.018697729571030913,0.018697729571030913,True,0.11147042579512069,0.11147042579512069,0.8208955223880597,1.0,0.0,0.8208955223880597,1.0,0.0,26878,False,False,,,,,,,,,,,,,8.941091060638428,8.941091060638428,0.0,,2,Erdos-Renyi,0.5,8,1,PCG64,1ccfbc6cf404eb392f2611fb1e9e8f404ba308497ed9fba8ccb42919b7e62054,70a008c280132c031465164b2120e7e73d777393e71360407938424dc8cd5fdc,results/graph_N10_seed8.json,60ec3ad30931968819e5d02e590a47bcc02d2663,a6cade752c8530480b3741b86a17762b16f83f42c3eb3e5951321a19af1c0b47,addb3bac26421d3de0d2bf7858e599a4b9187e5a902564dec63be983816442b7,results/graph_instances.jsonl,0325f5fcc2ea08ef2e3719af0d5210410a8f886abac26c005f0f18f0361bc4d8,40
4,10,11,22,9,True,22.228586555878273,compatibility alias of W_upper,22.22858655587827,0x1.63a84a605cd6dp+4,200217308260052387,9007199254740992,22.228586555878273,0x1.63a84a605cd6ep+4,3128395441563319,140737488355328,10,290289300807462307,9007199254740992,4535770325116599,140737488355328,32.22858655587827,0x1.01d425302e6b7p+5,4535770325116599,140737488355328,least binary64 >= exact_binary64(W_upper) + Lambda_I,22.228586555878273,200217308260052387,9007199254740992,"max(W_upper, Lambda_I)",-2.294498981859207,17.449209774025892,19.7437087558851,17.449209774025892,1.6323471417836708,112,4.999530471411236,5.121385194196206,0.25,0.9,1e-06,exponential_mark_and_probe,0.001,0.05,0.10362466684373661,0.8690936911116015,0.10362466684373661,0.8690936911116015,0.06965174129353234,0.1791044776119403,0.15422885572139303,0.06965174129353234,0.1791044776119403,146,146,146,130,130,0.0,1.0,0.0,0,0.0,1.0,0.010362466684371616,0.010362466684371616,0.010362466684371616,True,0.05816663658455127,0.05816663658455127,0.5174129353233831,0.9751243781094527,0.024875621890547265,0.5174129353233831,0.9751243781094527,0.024875621890547265,29668,False,False,,,,,,,,,,,,,7.893905162811279,7.893905162811279,0.0,,2,Erdos-Renyi,0.5,9,1,PCG64,110d523512ce9add21bc34726f1b4c499533f07eb6d579349b24c5e890914102,ea3c50c5e6a839591f3cabb5e64c50263e4dc2905cdc59e6ff1032073e4867ba,results/graph_N10_seed9.json,60ec3ad30931968819e5d02e590a47bcc02d2663,a6cade752c8530480b3741b86a17762b16f83f42c3eb3e5951321a19af1c0b47,addb3bac26421d3de0d2bf7858e599a4b9187e5a902564dec63be983816442b7,results/graph_instances.jsonl,0325f5fcc2ea08ef2e3719af0d5210410a8f886abac26c005f0f18f0361bc4d8,40
4,10,11,30,10,True,31.683504919652414,compatibility alias of W_upper,31.683504919652414,0x1.faefa2dac8feep+4,285379641899875771,9007199254740992,31.683504919652414,0x1.faefa2dac8feep+4,4459056904685559,140737488355328,10,375451634447285691,9007199254740992,5866431788238839,140737488355328,41.683504919652414,0x1.4d77d16d647f7p+5,5866431788238839,140737488355328,least binary64 >= exact_binary64(W_upper) + Lambda_I,31.683504919652414,285379641899875771,9007199254740992,"max(W_upper, Lambda_I)",0.7810725554662822,26.680521321803266,25.899448766336985,26.680521321803266,1.6094359882219147,92,7.307234210194633,9.096325953911265,0.25,0.9,1e-06,exponential_mark_and_probe,0.001,0.05,0.45978092936684867,0.38095290981019286,0.45978092936684867,0.38095290981019286,0.0945273631840796,0.36318407960199006,0.11442786069651742,0.0945273631840796,0.36318407960199006,51,51,51,168,168,0.006409838389302536,1.0,0.0,0,0.0,1.0,0.045978092936682424,0.045978092936682424,0.045978092936682424,True,0.2787850414558861,0.2787850414558861,1.0,1.0,0.0,1.0,1.0,0.0,24579,False,False,,,,,,,,,,,,,6.786919593811035,6.786919593811035,0.0,,2,Erdos-Renyi,0.5,10,1,PCG64,1f9e9d030c64f36c99df23e92ae712abc91ff8f4a3a47dd4b10d0361e3f5968f,3e389115aba8d06a07b60da1b88046e996c4162f30207b837af278999aa7419b,results/graph_N10_seed10.json,60ec3ad30931968819e5d02e590a47bcc02d2663,a6cade752c8530480b3741b86a17762b16f83f42c3eb3e5951321a19af1c0b47,addb3bac26421d3de0d2bf7858e599a4b9187e5a902564dec63be983816442b7,results/graph_instances.jsonl,0325f5fcc2ea08ef2e3719af0d5210410a8f886abac26c005f0f18f0361bc4d8,40
4,10,11,32,11,True,29.796437679166523,compatibility alias of W_upper,29.796437679166523,0x1.dcbe356f95286p+4,4193475800901955,140737488355328,29.796437679166523,0x1.dcbe356f95286p+4,4193475800901955,140737488355328,10,5600850684455235,140737488355328,5600850684455235,140737488355328,39.79643767916652,0x1.3e5f1ab7ca943p+5,5600850684455235,140737488355328,least binary64 >= exact_binary64(W_upper) + Lambda_I,29.796437679166523,4193475800901955,140737488355328,"max(W_upper, Lambda_I)",1.206422755229885,24.855344817465863,23.64892206223598,24.855344817465863,1.6828013376015927,122,8.23999137892684,8.633209974927762,0.25,0.9,1e-06,exponential_mark_and_probe,0.001,0.05,0.21070551091931922,0.5310296943824594,0.21070551091931922,0.5310296943824594,0.06467661691542288,0.1890547263681592,0.11940298507462686,0.06467661691542288,0.1890547263681592,110,110,110,161,161,0.0,1.0,0.0,0,0.0,1.0,0.021070551091929846,0.021070551091929846,0.021070551091929846,True,0.04880517704649223,0.04880517704649223,0.6766169154228856,1.0,0.0,0.6766169154228856,1.0,0.0,30531,False,False,,,,,,,,,,,,,8.289664506912231,8.289664506912231,0.0,,2,Erdos-Renyi,0.5,11,1,PCG64,ef45e3a038058c32ef3d6e63c73b1cc23fc080b7cf1b26556b213f984a01f173,a926eb1f8eff42b5d6507910ebe63fc352d643ef30fc795e28864f2ac5636e2a,results/graph_N10_seed11.json,60ec3ad30931968819e5d02e590a47bcc02d2663,a6cade752c8530480b3741b86a17762b16f83f42c3eb3e5951321a19af1c0b47,addb3bac26421d3de0d2bf7858e599a4b9187e5a902564dec63be983816442b7,results/graph_instances.jsonl,0325f5fcc2ea08ef2e3719af0d5210410a8f886abac26c005f0f18f0361bc4d8,40
4,10,11,24,12,True,24.96762063402685,compatibility alias of W_upper,24.967620634026847,0x1.8f7b5fc621481p+4,112444166983731217,4503599627370496,24.96762063402685,0x1.8f7b5fc621482p+4,3513880218241601,140737488355328,10,157480163257436177,4503599627370496,4921255101794881,140737488355328,34.96762063402685,0x1.17bdafe310a41p+5,4921255101794881,140737488355328,least binary64 >= exact_binary64(W_upper) + Lambda_I,24.96762063402685,112444166983731217,4503599627370496,"max(W_upper, Lambda_I)",-0.8738038618172753,20.160208464852182,21.03401232666946,20.160208464852182,1.662432259283726,132,6.550666289307692,6.633746150670089,0.25,0.9,1e-06,exponential_mark_and_probe,0.001,0.05,0.08235411467894949,0.9821232598773411,0.08235411467894949,0.9821232598773411,0.06467661691542288,0.15422885572139303,0.13930348258706468,0.06467661691542288,0.15422885572139303,212,212,212,141,141,0.0,1.0,0.0,0,0.0,1.0,0.008235411467840098,0.008235411467840098,0.008235411467840098,True,0.05032026246438236,0.05032026246438236,0.4527363184079602,0.9154228855721394,0.0845771144278607,0.4527363184079602,0.9154228855721394,0.0845771144278607,48789,False,False,,,,,,,,,,,,,14.128234624862671,14.128234624862671,0.0,,2,Erdos-Renyi,0.5,12,1,PCG64,7c3b3ffa65bc87c2f985a55d97f67a80838df1be628262c89445d3b7b11b4ffc,706bf7985bc294f60991f8245cbe809a9f38d8c596fa5cfae2bd6624e6108b07,results/graph_N10_seed12.json,60ec3ad30931968819e5d02e590a47bcc02d2663,a6cade752c8530480b3741b86a17762b16f83f42c3eb3e5951321a19af1c0b47,addb3bac26421d3de0d2bf7858e599a4b9187e5a902564dec63be983816442b7,results/graph_instances.jsonl,0325f5fcc2ea08ef2e3719af0d5210410a8f886abac26c005f0f18f0361bc4d8,40
4,10,11,23,13,True,22.40630069731798,compatibility alias of W_upper,22.40630069731798,0x1.66803528f529ep+4,201818014942385075,9007199254740992,22.40630069731798,0x1.66803528f529ep+4,3153406483474767,140737488355328,10,291890007489794995,9007199254740992,4560781367028047,140737488355328,32.40630069731798,0x1.03401a947a94fp+5,4560781367028047,140737488355328,least binary64 >= exact_binary64(W_upper) + Lambda_I,22.40630069731798,201818014942385075,9007199254740992,"max(W_upper, Lambda_I)",-1.9140645922115718,17.6757697638702,19.58983435608177,17.6757697638702,1.654240669332524,112,5.16339504277662,5.748868646947783,0.25,0.9,1e-06,exponential_mark_and_probe,0.001,0.05,0.17140380335011596,0.5680684632577392,0.17140380335011596,0.5680684632577392,0.0845771144278607,0.2537313432835821,0.15422885572139303,0.0845771144278607,0.2537313432835821,85,85,85,131,131,0.005074065810379835,1.0,0.0,0,0.0,1.0,0.017140380335009697,0.017140380335009697,0.017140380335009697,True,0.09647167977476896,0.09647167977476896,0.746268656716418,1.0,0.0,0.746268656716418,1.0,0.0,26488,False,False,,,,,,,,,,,,,8.873203754425049,8.873203754425049,0.0,,2,Erdos-Renyi,0.5,13,1,PCG64,0c51dd7c0521c544b7c48720b46b35497beea51c27e21828c49873aeaaab2891,b228188350a0fbd2580a74d21212cde571fcacf003fdec82e41ea76a4b60515f,results/graph_N10_seed13.json,60ec3ad30931968819e5d02e590a47bcc02d2663,a6cade752c8530480b3741b86a17762b16f83f42c3eb3e5951321a19af1c0b47,addb3bac26421d3de0d2bf7858e599a4b9187e5a902564dec63be983816442b7,results/graph_instances.jsonl,0325f5fcc2ea08ef2e3719af0d5210410a8f886abac26c005f0f18f0361bc4d8,40
4,10,11,22,14,True,22.063593575622463,compatibility alias of W_upper,22.06359357562246,0x1.61047ab2788bfp+4,198731183611254759,9007199254740992,22.063593575622463,0x1.61047ab2788c0p+4,97036710747683,4398046511104,10,288803176158664679,9007199254740992,141017175858723,4398046511104,32.06359357562246,0x1.00823d593c460p+5,141017175858723,4398046511104,least binary64 >= exact_binary64(W_upper) + Lambda_I,22.063593575622463,198731183611254759,9007199254740992,"max(W_upper, Lambda_I)",-2.1457619649500335,17.286662743634835,19.43242470858487,17.286662743634835,1.6500047758557577,122,4.8765871216815855,5.487996328606458,0.25,0.9,1e-06,exponential_mark_and_probe,0.001,0.05,0.12010246794588575,0.5635818943523175,0.12010246794588575,0.5635818943523175,0.0845771144278607,0.25870646766169153,0.15422885572139303,0.0845771144278607,0.25870646766169153,94,94,94,130,130,0.002572044129529827,1.0,0.0,0,0.0,1.0,0.01201024679458658,0.01201024679458658,0.01201024679458658,True,0.07041429064419592,0.07041429064419592,0.736318407960199,1.0,0.0,0.736318407960199,1.0,0.0,24656,False,False,,,,,,,,,,,,,6.381317377090454,6.381317377090454,0.0,,2,Erdos-Renyi,0.5,14,1,PCG64,d4a59cb2d263d41f207838cf51bd84e1b5ff2cd1051f1e18ad9faf75adce0db1,6b5d745c71651c812c3309bbe77680e1b385311ad0aa8eb705c15f42c2dda977,results/graph_N10_seed14.json,60ec3ad30931968819e5d02e590a47bcc02d2663,a6cade752c8530480b3741b86a17762b16f83f42c3eb3e5951321a19af1c0b47,addb3bac26421d3de0d2bf7858e599a4b9187e5a902564dec63be983816442b7,results/graph_instances.jsonl,0325f5fcc2ea08ef2e3719af0d5210410a8f886abac26c005f0f18f0361bc4d8,40
4,10,11,32,15,True,32.43150701990303,compatibility alias of W_upper,32.43150701990303,0x1.0373b9f3d3d2dp+5,146058522929898897,4503599627370496,32.43150701990303,0x1.0373b9f3d3d2dp+5,4564328841559341,140737488355328,10,191094519203603857,4503599627370496,5971703725112621,140737488355328,42.43150701990303,0x1.5373b9f3d3d2dp+5,5971703725112621,140737488355328,least binary64 >= exact_binary64(W_upper) + Lambda_I,32.43150701990303,146058522929898897,4503599627370496,"max(W_upper, Lambda_I)",2.2919677886452585,27.440074434808935,25.148106646163676,27.440074434808935,1.6872644774781056,102,9.066345239498355,10.073348575660882,0.25,0.9,1e-06,exponential_mark_and_probe,0.001,0.05,0.3414682176506041,0.45792668675976905,0.3414682176506041,0.45792668675976905,0.07462686567164178,0.263681592039801,0.10945273631840796,0.07462686567164178,0.263681592039801,69,69,69,171,171,0.008530317651805452,1.0,0.0,0,0.0,1.0,0.034146821765055124,0.034146821765055124,0.034146821765055124,True,0.20204206563305188,0.20204206563305188,0.9900497512437811,1.0,0.0,0.9900497512437811,1.0,0.0,26914,False,False,,,,,,,,,,,,,7.311746597290039,7.311746597290039,0.0,,2,Erdos-Renyi,0.5,15,1,PCG64,1e7f8ae3ac6b1224e3292359d83a6625d5b2e1ab9e92732b6c57b0415469edfe,70006f4be08b9fb33c72b79d30928d8eb8c6c83504e7ff958ac7071a8ba28a26,results/graph_N10_seed15.json,60ec3ad30931968819e5d02e590a47bcc02d2663,a6cade752c8530480b3741b86a17762b16f83f42c3eb3e5951321a19af1c0b47,addb3bac26421d3de0d2bf7858e599a4b9187e5a902564dec63be983816442b7,results/graph_instances.jsonl,0325f5fcc2ea08ef2e3719af0d5210410a8f886abac26c005f0f18f0361bc4d8,40
4,10,11,25,16,True,24.697299199600003,compatibility alias of W_upper,24.697299199600003,0x1.8b2823349cf1ap+4,222453494944752439,9007199254740992,24.697299199600003,0x1.8b2823349cf1ap+4,3475835858511757,140737488355328,10,312525487492162359,9007199254740992,4883210742065037,140737488355328,34.6972991996,0x1.1594119a4e78dp+5,4883210742065037,140737488355328,least binary64 >= exact_binary64(W_upper) + Lambda_I,24.697299199600003,222453494944752439,9007199254740992,"max(W_upper, Lambda_I)",-1.5942775987088083,20.004930860678332,21.59920845938714,20.004930860678332,1.6064153121555877,112,5.60850299023029,5.608987417390062,0.25,0.9,1e-06,exponential_mark_and_probe,0.001,0.05,0.0004844994412929182,0.9999913936289248,0.0004844994412929182,0.9999913936289248,0.06467661691542288,0.14427860696517414,0.13930348258706468,0.06467661691542288,0.14427860696517414,325,325,325,140,140,0.0,1.0,0.0,0,0.0,1.0,4.848798843746821e-05,4.848798843746821e-05,4.848798843746821e-05,True,0.0001858816090678074,0.0001858816090678074,0.5970149253731343,0.9402985074626866,0.05970149253731343,0.5970149253731343,0.9402985074626866,0.05970149253731343,40719,False,False,,,,,,,,,,,,,10.867862701416016,10.867862701416016,0.0,,2,Erdos-Renyi,0.5,16,1,PCG64,3f0d740fe0d5f5d86d5e3f7e6f5d86e1c29682468eb538890c581b3ee12ce1c4,a1fea176ee9d5b383eec8c23270ef235dc622e34ed20f14267cbee7cffb23b76,results/graph_N10_seed16.json,60ec3ad30931968819e5d02e590a47bcc02d2663,a6cade752c8530480b3741b86a17762b16f83f42c3eb3e5951321a19af1c0b47,addb3bac26421d3de0d2bf7858e599a4b9187e5a902564dec63be983816442b7,results/graph_instances.jsonl,0325f5fcc2ea08ef2e3719af0d5210410a8f886abac26c005f0f18f0361bc4d8,40
4,10,11,30,17,True,30.320607092038184,compatibility alias of W_upper,30.320607092038184,0x1.e52134e6f2b6fp+4,8534492175084399,281474976710656,30.320607092038184,0x1.e52134e6f2b6fp+4,8534492175084399,281474976710656,10,11349241942190959,281474976710656,11349241942190959,281474976710656,40.32060709203819,0x1.42909a73795b8p+5,709327621386935,17592186044416,least binary64 >= exact_binary64(W_upper) + Lambda_I,30.320607092038184,8534492175084399,281474976710656,"max(W_upper, Lambda_I)",0.4522013588769654,25.49476715589345,25.042565797016483,25.49476715589345,1.6100829051966352,112,7.104464678417111,7.9475146509578405,0.25,0.9,1e-06,exponential_mark_and_probe,0.001,0.05,0.46297210735746397,0.38030383340478074,0.46297210735746397,0.38030383340478074,0.07462686567164178,0.2537313432835821,0.11940298507462686,0.07462686567164178,0.2537313432835821,62,62,62,163,163,0.0029262332155072235,1.0,0.0,0,0.0,1.0,0.04629721073574539,0.04629721073574539,0.04629721073574539,True,0.2604994426066932,0.2604994426066932,1.0,1.0,0.0,1.0,1.0,0.0,20150,False,False,,,,,,,,,,,,,6.248687028884888,6.248687028884888,0.0,,2,Erdos-Renyi,0.5,17,1,PCG64,c795c8019ab7087dde25fbe0d2673530018541b4008e7b80eb6bd2f7932e3e1e,72b641bc687ac3285a70f6b36487410498dfc59305fa72fbb08599248c936f4b,results/graph_N10_seed17.json,60ec3ad30931968819e5d02e590a47bcc02d2663,a6cade752c8530480b3741b86a17762b16f83f42c3eb3e5951321a19af1c0b47,addb3bac26421d3de0d2bf7858e599a4b9187e5a902564dec63be983816442b7,results/graph_instances.jsonl,0325f5fcc2ea08ef2e3719af0d5210410a8f886abac26c005f0f18f0361bc4d8,40
4,10,11,22,18,True,21.54487097523083,compatibility alias of W_upper,21.544870975230825,0x1.58b7caa0b27f1p+4,194058945791589927,9007199254740992,21.54487097523083,0x1.58b7caa0b27f2p+4,3032171027993593,140737488355328,10,284130938338999847,9007199254740992,4439545911546873,140737488355328,31.54487097523083,0x1.f8b7caa0b27f2p+4,4439545911546873,140737488355328,least binary64 >= exact_binary64(W_upper) + Lambda_I,21.54487097523083,194058945791589927,9007199254740992,"max(W_upper, Lambda_I)",-3.052066450728198,16.79734966806268,19.849416118790877,16.79734966806268,1.5892090118141156,102,3.626796324370721,5.02960329488773,0.25,0.9,1e-06,exponential_mark_and_probe,0.001,0.05,0.35594002545856407,0.42203775630891366,0.35594002545856407,0.42203775630891366,0.10945273631840796,0.36318407960199006,0.15920398009950248,0.10945273631840796,0.36318407960199006,43,43,43,128,128,0.013499497060157961,1.0,0.0,0,0.0,1.0,0.03559400254585532,0.03559400254585532,0.03559400254585532,True,0.2298916221033346,0.2298916221033346,1.0,1.0,0.0,1.0,1.0,0.0,17758,False,False,,,,,,,,,,,,,4.44645357131958,4.44645357131958,0.0,,2,Erdos-Renyi,0.5,18,1,PCG64,ae2d4bee6e8614f22288938f3205349be3ccdb16da08c47175e8934a6ebec47c,4a81eb093fe1ad8cc8e83091cbadba8764601a41d38b55be79fe175aa793e580,results/graph_N10_seed18.json,60ec3ad30931968819e5d02e590a47bcc02d2663,a6cade752c8530480b3741b86a17762b16f83f42c3eb3e5951321a19af1c0b47,addb3bac26421d3de0d2bf7858e599a4b9187e5a902564dec63be983816442b7,results/graph_instances.jsonl,0325f5fcc2ea08ef2e3719af0d5210410a8f886abac26c005f0f18f0361bc4d8,40
4,10,11,26,19,True,26.455678102552362,compatibility alias of W_upper,26.45567810255236,0x1.a74a751f3f739p+4,238291564088977193,9007199254740992,26.455678102552362,0x1.a74a751f3f73ap+4,3723305688890269,140737488355328,10,328363556636387113,9007199254740992,5130680572443549,140737488355328,36.45567810255236,0x1.23a53a8f9fb9dp+5,5130680572443549,140737488355328,least binary64 >= exact_binary64(W_upper) + Lambda_I,26.455678102552362,238291564088977193,9007199254740992,"max(W_upper, Lambda_I)",0.0206446134363116,21.59995656890225,21.57931195546594,21.59995656890225,1.6893809301143314,142,7.5005862696351215,7.786963725140923,0.25,0.9,1e-06,exponential_mark_and_probe,0.001,0.05,0.04621692693890189,0.6667082949766181,0.04621692693890189,0.6667082949766181,0.06467661691542288,0.18407960199004975,0.13432835820895522,0.06467661691542288,0.18407960199004975,189,189,189,147,147,0.0,1.0,0.0,0,0.0,1.0,0.004621692693871596,0.004621692693871596,0.004621692693871596,True,0.02559984200755064,0.02559984200755064,0.5024875621890548,0.9353233830845771,0.06467661691542288,0.5024875621890548,0.9353233830845771,0.06467661691542288,39167,False,False,,,,,,,,,,,,,8.119724988937378,8.119724988937378,0.0,,2,Erdos-Renyi,0.5,19,1,PCG64,1736251615e9083767277e7290542fc32d6fec4bb20583e52f38e6a2817f62a1,40dd28604f443788b11e40219276e34d4c3672825318741411af4fdbcf9dd751,results/graph_N10_seed19.json,60ec3ad30931968819e5d02e590a47bcc02d2663,a6cade752c8530480b3741b86a17762b16f83f42c3eb3e5951321a19af1c0b47,addb3bac26421d3de0d2bf7858e599a4b9187e5a902564dec63be983816442b7,results/graph_instances.jsonl,0325f5fcc2ea08ef2e3719af0d5210410a8f886abac26c005f0f18f0361bc4d8,40
4,12,13,38,0,True,41.574414848301636,compatibility alias of W_upper,41.574414848301636,0x1.4c9866cfde56bp+5,93617259609478825,2251799813685248,41.574414848301636,0x1.4c9866cfde56bp+5,5851078725592427,140737488355328,12,120638857373701801,2251799813685248,7539928585856363,140737488355328,53.574414848301636,0x1.ac9866cfde56bp+5,7539928585856363,140737488355328,least binary64 >= exact_binary64(W_upper) + Lambda_I,41.574414848301636,93617259609478825,2251799813685248,"max(W_upper, Lambda_I)",3.0812260069273636,35.63718956987351,32.55596356294615,35.63718956987351,1.6456098663680108,142,10.93662173115796,11.531529764546544,0.25,0.9,1e-06,exponential_mark_and_probe,0.001,0.05,0.08244390790143719,0.5024196426053583,0.08244390790143719,0.5024196426053583,0.05472636815920398,0.17412935323383086,0.08955223880597014,0.05472636815920398,0.17412935323383086,214,214,214,216,216,0.0,1.0,0.0,0,0.0,1.0,0.00824439079012955,0.00824439079012955,0.00824439079012955,True,0.04857060364891352,0.04857060364891352,0.6169154228855721,0.9701492537313433,0.029850746268656716,0.6169154228855721,0.9701492537313433,0.029850746268656716,54032,False,False,,,,,,,,,,,,,46.4947624206543,46.4947624206543,0.0,,2,Erdos-Renyi,0.5,0,1,PCG64,7c0846297a5e69f1d552cb6d85b5f754af25c83014b69652b0016e1fbb2e94e5,e260949ede40cfa32de7bbc5642a68ce228f7a5b9540ec650667b3d16db29aa6,results/graph_N12_seed0.json,60ec3ad30931968819e5d02e590a47bcc02d2663,a6cade752c8530480b3741b86a17762b16f83f42c3eb3e5951321a19af1c0b47,addb3bac26421d3de0d2bf7858e599a4b9187e5a902564dec63be983816442b7,results/graph_instances.jsonl,0325f5fcc2ea08ef2e3719af0d5210410a8f886abac26c005f0f18f0361bc4d8,40
4,12,13,37,1,True,38.269825300979,compatibility alias of W_upper,38.269825300979,0x1.32289a2adab49p+5,21543996370627875,562949953421312,38.269825300979,0x1.32289a2adab49p+5,5385999092656969,140737488355328,12,28299395811683619,562949953421312,7074848952920905,140737488355328,50.269825300979,0x1.92289a2adab49p+5,7074848952920905,140737488355328,least binary64 >= exact_binary64(W_upper) + Lambda_I,38.269825300979,21543996370627875,562949953421312,"max(W_upper, Lambda_I)",2.493277022562021,32.414032855193874,29.92075583263185,32.414032855193874,1.6800987776570226,132,10.843509214100479,10.973004408920906,0.25,0.9,1e-06,exponential_mark_and_probe,0.001,0.05,0.05891935065164944,0.7338285217729613,0.05891935065164944,0.7338285217729613,0.04477611940298507,0.11442786069651742,0.0945273631840796,0.04477611940298507,0.11442786069651742,334,334,334,203,203,0.0,1.0,0.0,0,0.0,1.0,0.005891935048568241,0.005891935048568241,0.005891935048568241,True,0.03597549586479255,0.03597549586479255,0.43283582089552236,0.8407960199004975,0.15920398009950248,0.43283582089552236,0.8407960199004975,0.15920398009950248,73597,False,False,,,,,,,,,,,,,60.67325782775879,60.67325782775879,0.0,,2,Erdos-Renyi,0.5,1,1,PCG64,95744a7b1afd8c7e29edf09e8e0b6d54bd17195be78b3a8e2958d3a35e6116e8,8b8d33da986a92821e802cd7596c622681b006ce1451e3592db8323621e1c940,results/graph_N12_seed1.json,60ec3ad30931968819e5d02e590a47bcc02d2663,a6cade752c8530480b3741b86a17762b16f83f42c3eb3e5951321a19af1c0b47,addb3bac26421d3de0d2bf7858e599a4b9187e5a902564dec63be983816442b7,results/graph_instances.jsonl,0325f5fcc2ea08ef2e3719af0d5210410a8f886abac26c005f0f18f0361bc4d8,40
4,12,13,41,2,True,40.79746118261442,compatibility alias of W_upper,40.79746118261441,0x1.4661335419446p+5,183735430979684549,4503599627370496,40.79746118261442,0x1.4661335419447p+5,5741732218115143,140737488355328,12,237778626508130501,4503599627370496,7430582078379079,140737488355328,52.79746118261442,0x1.a661335419447p+5,7430582078379079,140737488355328,least binary64 >= exact_binary64(W_upper) + Lambda_I,40.79746118261442,183735430979684549,4503599627370496,"max(W_upper, Lambda_I)",4.006911711083496,34.88300670005431,30.876094988970813,34.88300670005431,1.7099785838032333,142,12.474075830493913,12.699539139344331,0.25,0.9,1e-06,exponential_mark_and_probe,0.001,0.05,0.08128361246843063,0.6126722715186129,0.08128361246843063,0.6126722715186129,0.04477611940298507,0.12437810945273632,0.08955223880597014,0.04477611940298507,0.12437810945273632,263,263,263,213,213,0.0,1.0,0.0,0,0.0,1.0,0.00812836124682477,0.00812836124682477,0.00812836124682477,True,0.046735602702242696,0.046735602702242696,0.43283582089552236,0.9751243781094527,0.024875621890547265,0.43283582089552236,0.9751243781094527,0.024875621890547265,75512,False,False,,,,,,,,,,,,,63.418241024017334,63.418241024017334,0.0,,2,Erdos-Renyi,0.5,2,1,PCG64,5a21dca8a1db1c01d2ff41f4af9a39d24bd1288b479d16f9c1ee3f0912e4741f,0ece469e579a631607eb3b2851f359950372ff6dcdbbd91f20b20377d51ae604,results/graph_N12_seed2.json,60ec3ad30931968819e5d02e590a47bcc02d2663,a6cade752c8530480b3741b86a17762b16f83f42c3eb3e5951321a19af1c0b47,addb3bac26421d3de0d2bf7858e599a4b9187e5a902564dec63be983816442b7,results/graph_instances.jsonl,0325f5fcc2ea08ef2e3719af0d5210410a8f886abac26c005f0f18f0361bc4d8,40
4,12,13,40,3,True,41.248414992306735,compatibility alias of W_upper,41.24841499230673,0x1.49fcc0ffde591p+5,371532692777952349,9007199254740992,41.248414992306735,0x1.49fcc0ffde592p+5,2902599162327753,70368744177664,12,479619083834844253,9007199254740992,3747024092459721,70368744177664,53.248414992306735,0x1.a9fcc0ffde592p+5,3747024092459721,70368744177664,least binary64 >= exact_binary64(W_upper) + Lambda_I,41.248414992306735,371532692777952349,9007199254740992,"max(W_upper, Lambda_I)",4.073659253127436,35.33071034372953,31.257051090602094,35.33071034372953,1.7035648960600982,142,12.651263581290712,12.716906131790738,0.25,0.9,1e-06,exponential_mark_and_probe,0.001,0.05,0.0655029827785043,0.9952357167938812,0.0655029827785043,0.9952357167938812,0.04477611940298507,0.09950248756218906,0.08955223880597014,0.04477611940298507,0.09950248756218906,266,266,266,214,214,0.0,1.0,0.0,0,0.0,1.0,0.006550298277843911,0.006550298277843911,0.006550298277843911,True,0.04404832605007986,0.04404832605007986,0.42786069651741293,0.9701492537313433,0.029850746268656716,0.42786069651741293,0.9701492537313433,0.029850746268656716,73105,False,False,,,,,,,,,,,,,60.86024570465088,60.86024570465088,0.0,,2,Erdos-Renyi,0.5,3,1,PCG64,9a69bce63eec78cce53c034f006a31b6c5451ab237eecc8ee9208c030812f55d,e13287097359069588a3f31db11fb97069998e3c4ac09e36966580d53d459189,results/graph_N12_seed3.json,60ec3ad30931968819e5d02e590a47bcc02d2663,a6cade752c8530480b3741b86a17762b16f83f42c3eb3e5951321a19af1c0b47,addb3bac26421d3de0d2bf7858e599a4b9187e5a902564dec63be983816442b7,results/graph_instances.jsonl,0325f5fcc2ea08ef2e3719af0d5210410a8f886abac26c005f0f18f0361bc4d8,40
4,12,13,37,4,True,38.25443801848,compatibility alias of W_upper,38.25443801848,0x1.320916ccc1d86p+5,86141336402647129,2251799813685248,38.25443801848,0x1.320916ccc1d86p+5,2691916762582723,70368744177664,12,113162934166870105,2251799813685248,3536341692714691,70368744177664,50.25443801848,0x1.920916ccc1d86p+5,3536341692714691,70368744177664,least binary64 >= exact_binary64(W_upper) + Lambda_I,38.25443801848,86141336402647129,2251799813685248,"max(W_upper, Lambda_I)",0.7398787327586241,32.34338173195103,31.603502999192404,32.34338173195103,1.5901540414606634,122,8.609285983031961,9.409371963873316,0.25,0.9,1e-06,exponential_mark_and_probe,0.001,0.05,0.26184074961341697,0.5301715874190288,0.26184074961341697,0.5301715874190288,0.05970149253731343,0.20398009950248755,0.0945273631840796,0.05970149253731343,0.20398009950248755,112,112,112,203,203,0.004348295826851811,1.0,0.0,0,0.0,1.0,0.026184074961338955,0.026184074961338955,0.026184074961338955,True,0.15528132360234218,0.15528132360234218,0.9104477611940298,1.0,0.0,0.9104477611940298,1.0,0.0,33192,False,False,,,,,,,,,,,,,32.61226963996887,32.61226963996887,0.0,,2,Erdos-Renyi,0.5,4,1,PCG64,0038915cb2e4d1fbd447945a4bbec4bbb1a283bdb7e776d2f3d4ef4ed151d6dc,9c05b25e4de63517f395b0232630aac095522d2cd044ddbf361ed788285c3574,results/graph_N12_seed4.json,60ec3ad30931968819e5d02e590a47bcc02d2663,a6cade752c8530480b3741b86a17762b16f83f42c3eb3e5951321a19af1c0b47,addb3bac26421d3de0d2bf7858e599a4b9187e5a902564dec63be983816442b7,results/graph_instances.jsonl,0325f5fcc2ea08ef2e3719af0d5210410a8f886abac26c005f0f18f0361bc4d8,40
4,12,13,42,5,True,44.493544695330066,compatibility alias of W_upper,44.49354469533006,0x1.63f2c78fac748p+5,400762222620561947,9007199254740992,44.493544695330066,0x1.63f2c78fac749p+5,6261909728446281,140737488355328,12,508848613677453851,9007199254740992,7950759588710217,140737488355328,56.493544695330066,0x1.c3f2c78fac749p+5,7950759588710217,140737488355328,least binary64 >= exact_binary64(W_upper) + Lambda_I,44.493544695330066,400762222620561947,9007199254740992,"max(W_upper, Lambda_I)",3.8124543568038316,38.512547174188335,34.7000928173845,38.512547174188335,1.6280516882948277,122,12.301434888351231,12.327124668140229,0.25,0.9,1e-06,exponential_mark_and_probe,0.001,0.05,0.025681715723678167,0.9994455275040244,0.025681715723678167,0.9994455275040244,0.04477611940298507,0.08955223880597014,0.0845771144278607,0.04477611940298507,0.08955223880597014,287,287,287,227,227,0.0,1.0,0.0,0,0.0,1.0,0.002568171572092895,0.002568171572092895,0.002568171572092895,True,0.016578846473947348,0.016578846473947348,0.5970149253731343,0.945273631840796,0.05472636815920398,0.5970149253731343,0.945273631840796,0.05472636815920398,63756,False,False,,,,,,,,,,,,,55.309587717056274,55.309587717056274,0.0,,2,Erdos-Renyi,0.5,5,1,PCG64,3fc212d2cdaab547d09ef387b1db6e0042c519978d9f78ab4c325886d3027d24,11a7c2685e19cd8dffe511f0c72f08712d1eaa5dee06b58ffa68dc9eb69269b5,results/graph_N12_seed5.json,60ec3ad30931968819e5d02e590a47bcc02d2663,a6cade752c8530480b3741b86a17762b16f83f42c3eb3e5951321a19af1c0b47,addb3bac26421d3de0d2bf7858e599a4b9187e5a902564dec63be983816442b7,results/graph_instances.jsonl,0325f5fcc2ea08ef2e3719af0d5210410a8f886abac26c005f0f18f0361bc4d8,40
4,12,13,36,6,True,36.935706340554304,compatibility alias of W_upper,36.9357063405543,0x1.277c539b1ab97p+5,83171816655993207,2251799813685248,36.935706340554304,0x1.277c539b1ab98p+5,649779817624947,17592186044416,12,110193414420216183,2251799813685248,860886050157939,17592186044416,48.935706340554304,0x1.877c539b1ab98p+5,860886050157939,17592186044416,least binary64 >= exact_binary64(W_upper) + Lambda_I,36.935706340554304,83171816655993207,2251799813685248,"max(W_upper, Lambda_I)",0.6504111989119488,31.054312033125505,30.403900834213555,31.054312033125505,1.6095206535303155,122,8.829228919918677,9.029228834104249,0.25,0.9,1e-06,exponential_mark_and_probe,0.001,0.05,0.1958765693598874,0.9595219044735128,0.1958765693598874,0.9595219044735128,0.04975124378109453,0.12935323383084577,0.09950248756218906,0.04975124378109453,0.12935323383084577,142,142,142,197,197,0.0,1.0,0.0,0,0.0,1.0,0.01958765693598591,0.01958765693598591,0.01958765693598591,True,0.11148042046948459,0.11148042046948459,0.746268656716418,1.0,0.0,0.746268656716418,1.0,0.0,37378,False,False,,,,,,,,,,,,,34.17806148529053,34.17806148529053,0.0,,2,Erdos-Renyi,0.5,6,1,PCG64,8f42f47cb1b70e7d876422eb630f9ad4ed1af3da45842c5718f68d046cfa3cd8,baacb8afdbadda2a1f3a764ef4824bbbd087cca5b124779194372ebfca23944c,results/graph_N12_seed6.json,60ec3ad30931968819e5d02e590a47bcc02d2663,a6cade752c8530480b3741b86a17762b16f83f42c3eb3e5951321a19af1c0b47,addb3bac26421d3de0d2bf7858e599a4b9187e5a902564dec63be983816442b7,results/graph_instances.jsonl,0325f5fcc2ea08ef2e3719af0d5210410a8f886abac26c005f0f18f0361bc4d8,40
4,12,13,36,7,True,35.94758852353816,compatibility alias of W_upper,35.94758852353815,0x1.1f94a94ab54a5p+5,161893546279474349,4503599627370496,35.94758852353816,0x1.1f94a94ab54a6p+5,2529586660616787,70368744177664,12,215936741807920301,4503599627370496,3374011590748755,70368744177664,47.94758852353816,0x1.7f94a94ab54a6p+5,3374011590748755,70368744177664,least binary64 >= exact_binary64(W_upper) + Lambda_I,35.94758852353816,161893546279474349,4503599627370496,"max(W_upper, Lambda_I)",1.5571041278279847,30.081608601351455,28.52450447352347,30.081608601351455,1.6809262565119492,132,9.71673148327969,10.212128789890471,0.25,0.9,1e-06,exponential_mark_and_probe,0.001,0.05,0.21989970494222533,0.49293854911488005,0.21989970494222533,0.49293854911488005,0.05970149253731343,0.1791044776119403,0.1044776119402985,0.05970149253731343,0.1791044776119403,114,114,114,193,193,0.0008419705724115323,1.0,0.0,0,0.0,1.0,0.02198997044229728,0.02198997044229728,0.02198997044229728,True,0.12105810562174973,0.12105810562174973,0.8208955223880597,1.0,0.0,0.8208955223880597,1.0,0.0,41853,False,False,,,,,,,,,,,,,35.210453748703,35.210453748703,0.0,,2,Erdos-Renyi,0.5,7,1,PCG64,1caf8890aab0e552b885ad3489583bfa2610c7a6f095a163c3171cece8167db2,4a03b997b2e3e84abb63872b5fd84a0e49e3c0e84878c38f9445efb43285a4f6,results/graph_N12_seed7.json,60ec3ad30931968819e5d02e590a47bcc02d2663,a6cade752c8530480b3741b86a17762b16f83f42c3eb3e5951321a19af1c0b47,addb3bac26421d3de0d2bf7858e599a4b9187e5a902564dec63be983816442b7,results/graph_instances.jsonl,0325f5fcc2ea08ef2e3719af0d5210410a8f886abac26c005f0f18f0361bc4d8,40
4,12,13,40,8,True,35.97726884367574,compatibility alias of W_upper,35.97726884367573,0x1.1fd17253d7e56p+5,81013607279093091,2251799813685248,35.97726884367574,0x1.1fd17253d7e57p+5,5063350454943319,140737488355328,12,108035205043316067,2251799813685248,6752200315207255,140737488355328,47.97726884367574,0x1.7fd17253d7e57p+5,6752200315207255,140737488355328,least binary64 >= exact_binary64(W_upper) + Lambda_I,35.97726884367574,81013607279093091,2251799813685248,"max(W_upper, Lambda_I)",1.523860235547156,30.126751606024197,28.60289137047704,30.126751606024197,1.677357307072679,122,9.493529373555507,10.83342984340005,0.25,0.9,1e-06,exponential_mark_and_probe,0.001,0.05,0.26723404336227485,0.46185795122423706,0.26723404336227485,0.46185795122423706,0.07462686567164178,0.27860696517412936,0.1044776119402985,0.07462686567164178,0.27860696517412936,81,81,81,193,193,0.008207965491054292,1.0,0.0,0,0.0,1.0,0.02672340433621595,0.02672340433621595,0.02672340433621595,True,0.16282711460290578,0.16282711460290578,0.9203980099502488,1.0,0.0,0.9203980099502488,1.0,0.0,34544,False,False,,,,,,,,,,,,,29.44745922088623,29.44745922088623,0.0,,2,Erdos-Renyi,0.5,8,1,PCG64,e10e28deed23f4173cbf24be986e4d5d13fe12378e14ad8e1b67cdf827b2b13c,cc2461bb88dad3a93ee078d446505c0b4ad37c1806020d737401a797c6bfb379,results/graph_N12_seed8.json,60ec3ad30931968819e5d02e590a47bcc02d2663,a6cade752c8530480b3741b86a17762b16f83f42c3eb3e5951321a19af1c0b47,addb3bac26421d3de0d2bf7858e599a4b9187e5a902564dec63be983816442b7,results/graph_instances.jsonl,0325f5fcc2ea08ef2e3719af0d5210410a8f886abac26c005f0f18f0361bc4d8,40
4,12,13,32,9,True,32.331671236045445,compatibility alias of W_upper,32.33167123604544,0x1.02a7433fbeb66p+5,291217805061839259,9007199254740992,32.331671236045445,0x1.02a7433fbeb67p+5,4550278204091239,140737488355328,12,399304196118731163,9007199254740992,6239128064355175,140737488355328,44.331671236045445,0x1.62a7433fbeb67p+5,6239128064355175,140737488355328,least binary64 >= exact_binary64(W_upper) + Lambda_I,32.331671236045445,291217805061839259,9007199254740992,"max(W_upper, Lambda_I)",-0.7385867819486236,26.723723942782232,27.462310724730855,26.723723942782232,1.6142731644254207,132,7.754706020656366,7.781837775147393,0.25,0.9,1e-06,exponential_mark_and_probe,0.001,0.05,0.0029788142273483587,0.747459475794402,0.0029788142273483587,0.747459475794402,0.05472636815920398,0.11940298507462686,0.11442786069651742,0.05472636815920398,0.11940298507462686,2153,2153,2153,179,179,0.0,1.0,0.0,0,0.0,1.0,0.00029788141953698876,0.00029788141953698876,0.00029788141953698876,True,0.0018231562863060286,0.0018231562863060286,0.3781094527363184,0.6019900497512438,0.39800995024875624,0.3781094527363184,0.6019900497512438,0.39800995024875624,264827,False,False,,,,,,,,,,,,,175.8486726284027,175.8486726284027,0.0,,2,Erdos-Renyi,0.5,9,1,PCG64,ecfa061de87bd063dca695905509f4a9e8c127f44c9dd3f5c83ffea7575a729b,c70a656308bcf216b8f8fb9949d4a68ce2f6d6c4bfcb6969b76ec0a34783159a,results/graph_N12_seed9.json,60ec3ad30931968819e5d02e590a47bcc02d2663,a6cade752c8530480b3741b86a17762b16f83f42c3eb3e5951321a19af1c0b47,addb3bac26421d3de0d2bf7858e599a4b9187e5a902564dec63be983816442b7,results/graph_instances.jsonl,0325f5fcc2ea08ef2e3719af0d5210410a8f886abac26c005f0f18f0361bc4d8,40
4,12,13,45,10,True,46.07965987322293,compatibility alias of W_upper,46.07965987322292,0x1.70a324b7325e2p+5,415048678068811919,9007199254740992,46.07965987322293,0x1.70a324b7325e3p+5,6485135594825187,140737488355328,12,523135069125703823,9007199254740992,8173985455089123,140737488355328,58.07965987322293,0x1.d0a324b7325e3p+5,8173985455089123,140737488355328,least binary64 >= exact_binary64(W_upper) + Lambda_I,46.07965987322293,415048678068811919,9007199254740992,"max(W_upper, Lambda_I)",5.682103783443338,40.079051757574,34.39694797413066,40.079051757574,1.688512013243257,132,14.20825796906979,14.317622426169995,0.25,0.9,1e-06,exponential_mark_and_probe,0.001,0.05,0.10870597188598374,0.9878599541988777,0.10870597188598374,0.9878599541988777,0.03980099502487562,0.09950248756218906,0.07960199004975124,0.03980099502487562,0.09950248756218906,202,202,202,234,234,0.0,1.0,0.0,0,0.0,1.0,0.010870597186878828,0.010870597186878828,0.010870597186878828,True,0.06487740703363165,0.06487740703363165,0.6467661691542289,0.9900497512437811,0.009950248756218905,0.6467661691542289,0.9900497512437811,0.009950248756218905,64171,False,False,,,,,,,,,,,,,55.65429639816284,55.65429639816284,0.0,,2,Erdos-Renyi,0.5,10,1,PCG64,775c1e0455e37ddf58bd651049e0bf2e94690ecb6dea0fd701addfd8194e2518,dda555ce9f6d2c232a5ac0e4b4948fcc8149d22f9ee0257d734b49d62eef9e61,results/graph_N12_seed10.json,60ec3ad30931968819e5d02e590a47bcc02d2663,a6cade752c8530480b3741b86a17762b16f83f42c3eb3e5951321a19af1c0b47,addb3bac26421d3de0d2bf7858e599a4b9187e5a902564dec63be983816442b7,results/graph_instances.jsonl,0325f5fcc2ea08ef2e3719af0d5210410a8f886abac26c005f0f18f0361bc4d8,40
4,12,13,43,11,True,39.48953475016175,compatibility alias of W_upper,39.489534750161745,0x1.3bea9131f19a1p+5,177845053985862689,4503599627370496,39.48953475016175,0x1.3bea9131f19a2p+5,2778828968529105,70368744177664,12,231888249514308641,4503599627370496,3623253898661073,70368744177664,51.48953475016175,0x1.9bea9131f19a2p+5,3623253898661073,70368744177664,least binary64 >= exact_binary64(W_upper) + Lambda_I,39.48953475016175,177845053985862689,4503599627370496,"max(W_upper, Lambda_I)",1.3677644487060707,33.558845727983694,32.191081279277626,33.558845727983694,1.5994969011279259,112,9.252811139797199,9.701097892259362,0.25,0.9,1e-06,exponential_mark_and_probe,0.001,0.05,0.3427135400765611,0.6852926781663,0.3427135400765611,0.6852926781663,0.04975124378109453,0.15920398009950248,0.0945273631840796,0.04975124378109453,0.15920398009950248,119,119,119,207,207,0.0034406494475814897,1.0,0.0,0,0.0,1.0,0.03427135400765635,0.03427135400765635,0.03427135400765635,True,0.19991017403560637,0.19991017403560637,0.9402985074626866,1.0,0.0,0.9402985074626866,1.0,0.0,34198,False,False,,,,,,,,,,,,,30.894250869750977,30.894250869750977,0.0,,2,Erdos-Renyi,0.5,11,1,PCG64,249553735b62cebdebd719f875dd177441a76e157a80f2003122c40b8e59bfe7,d53da3b4583c966e158840bec5a7a3a0c179cb6e54124d986d63cb8118bebfaa,results/graph_N12_seed11.json,60ec3ad30931968819e5d02e590a47bcc02d2663,a6cade752c8530480b3741b86a17762b16f83f42c3eb3e5951321a19af1c0b47,addb3bac26421d3de0d2bf7858e599a4b9187e5a902564dec63be983816442b7,results/graph_instances.jsonl,0325f5fcc2ea08ef2e3719af0d5210410a8f886abac26c005f0f18f0361bc4d8,40
4,12,13,35,12,True,35.35461550176365,compatibility alias of W_upper,35.35461550176364,0x1.1ad640a6f5d5fp+5,19902879149946237,562949953421312,35.35461550176365,0x1.1ad640a6f5d60p+5,155491243358955,4398046511104,12,26658278591001981,562949953421312,208267801492203,4398046511104,47.35461550176365,0x1.7ad640a6f5d60p+5,208267801492203,4398046511104,least binary64 >= exact_binary64(W_upper) + Lambda_I,35.35461550176365,19902879149946237,562949953421312,"max(W_upper, Lambda_I)",0.26841561295319605,29.503515554284206,29.23509994133101,29.503515554284206,1.6197863389143485,132,8.089008128027974,9.300580823740503,0.25,0.9,1e-06,exponential_mark_and_probe,0.001,0.05,0.2761225748115024,0.42714718856030465,0.2761225748115024,0.42714718856030465,0.07462686567164178,0.263681592039801,0.1044776119402985,0.07462686567164178,0.263681592039801,85,85,85,191,191,0.0017913911816669348,1.0,0.0,0,0.0,1.0,0.02761225748114679,0.02761225748114679,0.02761225748114679,True,0.15316104140078599,0.15316104140078599,0.9353233830845771,1.0,0.0,0.9353233830845771,1.0,0.0,34274,False,False,,,,,,,,,,,,,30.933246850967407,30.933246850967407,0.0,,2,Erdos-Renyi,0.5,12,1,PCG64,f391fde2ae56894023e22ed2bcc7e6e03d1ffadfac3f35f2fce16c811c2f0498,edda2c9fce17b87c6fb03544974017d06b23d3cf46bf5255e0367028ccf95995,results/graph_N12_seed12.json,60ec3ad30931968819e5d02e590a47bcc02d2663,a6cade752c8530480b3741b86a17762b16f83f42c3eb3e5951321a19af1c0b47,addb3bac26421d3de0d2bf7858e599a4b9187e5a902564dec63be983816442b7,results/graph_instances.jsonl,0325f5fcc2ea08ef2e3719af0d5210410a8f886abac26c005f0f18f0361bc4d8,40
4,12,13,32,13,True,31.75827151633167,compatibility alias of W_upper,31.758271516331668,0x1.fc21e15042202p+4,286053079533764679,9007199254740992,31.75827151633167,0x1.fc21e15042203p+4,8939158735430147,281474976710656,12,394139470590656583,9007199254740992,12316858455958019,281474976710656,43.758271516331675,0x1.5e10f0a821102p+5,3079214613989505,70368744177664,least binary64 >= exact_binary64(W_upper) + Lambda_I,31.75827151633167,286053079533764679,9007199254740992,"max(W_upper, Lambda_I)",-0.681009779417561,26.02467200450458,26.70568178392214,26.02467200450458,1.6385378913140445,132,7.855561225277109,7.892757162778839,0.25,0.9,1e-06,exponential_mark_and_probe,0.001,0.05,4.858768481863507e-05,0.8636219239966622,4.858768481863507e-05,0.8636219239966622,0.05472636815920398,0.12437810945273632,0.11442786069651742,0.05472636815920398,0.12437810945273632,1439,1439,1439,177,177,0.0,0.999,0.0010000000000000009,1,0.0010000000000000009,1.0,-0.0437096840783876,0.0,4.9039276296460065e-06,False,0.0005717830414061789,0.0005717830414061789,0.3880597014925373,0.7761194029850746,0.22388059701492538,0.3880597014925373,0.7761194029850746,0.22388059701492538,222736,False,False,,,,,,,,,,,,,139.4253432750702,139.4253432750702,0.0,,2,Erdos-Renyi,0.5,13,1,PCG64,641890a359c6ab030c506bbe5243f36b3d746219b05e8d87d86c916231f209f8,3618fd83e97274f4235b121f1c14b2da931eb716e6a397a2c80f701f093d35d1,results/graph_N12_seed13.json,60ec3ad30931968819e5d02e590a47bcc02d2663,a6cade752c8530480b3741b86a17762b16f83f42c3eb3e5951321a19af1c0b47,addb3bac26421d3de0d2bf7858e599a4b9187e5a902564dec63be983816442b7,results/graph_instances.jsonl,0325f5fcc2ea08ef2e3719af0d5210410a8f886abac26c005f0f18f0361bc4d8,40
4,12,13,38,14,True,35.862692390978346,compatibility alias of W_upper,35.862692390978346,0x1.1ee6cb44ae149p+5,40377802022128197,1125899906842624,35.862692390978346,0x1.1ee6cb44ae149p+5,5047225252766025,140737488355328,12,53888600904239685,1125899906842624,6736075113029961,140737488355328,47.862692390978346,0x1.7ee6cb44ae149p+5,6736075113029961,140737488355328,least binary64 >= exact_binary64(W_upper) + Lambda_I,35.862692390978346,40377802022128197,1125899906842624,"max(W_upper, Lambda_I)",0.3302667703890738,30.023788965776795,29.69352219538772,30.023788965776795,1.6118900302912813,122,8.422039529236272,8.527247420385509,0.25,0.9,1e-06,exponential_mark_and_probe,0.001,0.05,0.1046309692148526,0.98969075308996,0.1046309692148526,0.98969075308996,0.04975124378109453,0.12437810945273632,0.1044776119402985,0.04975124378109453,0.12437810945273632,164,164,164,193,193,0.0,1.0,0.0,0,0.0,1.0,0.010463096919732101,0.010463096919732101,0.010463096919732101,True,0.06352728478820358,0.06352728478820358,0.6716417910447762,0.9900497512437811,0.009950248756218905,0.6716417910447762,0.9900497512437811,0.009950248756218905,33961,False,False,,,,,,,,,,,,,31.270004749298096,31.270004749298096,0.0,,2,Erdos-Renyi,0.5,14,1,PCG64,9aabc9dc957290f6106e3548ff6261496a686ab1bcd923ee34b08d9b61fd89ad,bb1c7c7330f48357b82a8d46b9a75788e265d09d66a13b7849fd4d4f729e6989,results/graph_N12_seed14.json,60ec3ad30931968819e5d02e590a47bcc02d2663,a6cade752c8530480b3741b86a17762b16f83f42c3eb3e5951321a19af1c0b47,addb3bac26421d3de0d2bf7858e599a4b9187e5a902564dec63be983816442b7,results/graph_instances.jsonl,0325f5fcc2ea08ef2e3719af0d5210410a8f886abac26c005f0f18f0361bc4d8,40
4,12,13,39,15,True,38.74320486837836,compatibility alias of W_upper,38.74320486837836,0x1.35f21564df4dfp+5,348967766016735159,9007199254740992,38.74320486837836,0x1.35f21564df4dfp+5,5452621344011487,140737488355328,12,457054157073627063,9007199254740992,7141471204275423,140737488355328,50.74320486837836,0x1.95f21564df4dfp+5,7141471204275423,140737488355328,least binary64 >= exact_binary64(W_upper) + Lambda_I,38.74320486837836,348967766016735159,9007199254740992,"max(W_upper, Lambda_I)",1.4166683420967074,32.834872402347706,31.418204060251,32.834872402347706,1.6150892893517281,112,9.21994689334425,10.182858502152069,0.25,0.9,1e-06,exponential_mark_and_probe,0.001,0.05,0.3416530799142077,0.3972257350558329,0.3416530799142077,0.3972257350558329,0.05970149253731343,0.22388059701492538,0.0945273631840796,0.05970149253731343,0.22388059701492538,84,84,84,204,204,0.008513272889809964,1.0,0.0,0,0.0,1.0,0.0341653079914121,0.0341653079914121,0.0341653079914121,True,0.2008779854930908,0.2008779854930908,1.0,1.0,0.0,1.0,1.0,0.0,33453,False,False,,,,,,,,,,,,,28.04201602935791,28.04201602935791,0.0,,2,Erdos-Renyi,0.5,15,1,PCG64,04bddfdde4345738d76d8872c8742b429abb758c4d2ad5eefa38ebc50033ae41,8ceee51feefb0c8c2faadcb4faf8a5c7bbb9b84952bf384bf8795ce4a4fbe2ad,results/graph_N12_seed15.json,60ec3ad30931968819e5d02e590a47bcc02d2663,a6cade752c8530480b3741b86a17762b16f83f42c3eb3e5951321a19af1c0b47,addb3bac26421d3de0d2bf7858e599a4b9187e5a902564dec63be983816442b7,results/graph_instances.jsonl,0325f5fcc2ea08ef2e3719af0d5210410a8f886abac26c005f0f18f0361bc4d8,40
4,12,13,36,16,True,36.983020481367966,compatibility alias of W_upper,36.98302048136796,0x1.27dd39d796304p+5,333113434517848327,9007199254740992,36.983020481367966,0x1.27dd39d796305p+5,5204897414341381,140737488355328,12,441199825574740231,9007199254740992,6893747274605317,140737488355328,48.983020481367966,0x1.87dd39d796305p+5,6893747274605317,140737488355328,least binary64 >= exact_binary64(W_upper) + Lambda_I,36.983020481367966,333113434517848327,9007199254740992,"max(W_upper, Lambda_I)",-0.033660668845653524,31.097798967922884,31.131459636768536,31.097798967922884,1.5734251157152757,132,8.013571800037079,8.319800796432219,0.25,0.9,1e-06,exponential_mark_and_probe,0.001,0.05,0.29210874781893015,0.9081967869121245,0.29210874781893015,0.9081967869121245,0.05472636815920398,0.14427860696517414,0.09950248756218906,0.05472636815920398,0.14427860696517414,123,123,123,197,197,0.0,1.0,0.0,0,0.0,1.0,0.029210874781890828,0.029210874781890828,0.029210874781890828,True,0.06819596379314194,0.06819596379314194,0.8407960199004975,1.0,0.0,0.8407960199004975,1.0,0.0,33833,False,False,,,,,,,,,,,,,30.456558227539062,30.456558227539062,0.0,,2,Erdos-Renyi,0.5,16,1,PCG64,e384d5848907fb0548efcd553e2a1acf3b4060e0cd06776c2b744ac030d0ecf3,798cbd55f3c5a9afc22c0ca767285f98a4a24748e37e2fedb3635b83208c9a45,results/graph_N12_seed16.json,60ec3ad30931968819e5d02e590a47bcc02d2663,a6cade752c8530480b3741b86a17762b16f83f42c3eb3e5951321a19af1c0b47,addb3bac26421d3de0d2bf7858e599a4b9187e5a902564dec63be983816442b7,results/graph_instances.jsonl,0325f5fcc2ea08ef2e3719af0d5210410a8f886abac26c005f0f18f0361bc4d8,40
4,12,13,42,17,True,42.610903184525995,compatibility alias of W_upper,42.61090318452599,0x1.54e32135747dbp+5,191902447703751533,4503599627370496,42.610903184525995,0x1.54e32135747dcp+5,1499237872685559,35184372088832,12,245945643232197485,4503599627370496,1921450337751543,35184372088832,54.610903184525995,0x1.b4e32135747dcp+5,1921450337751543,35184372088832,least binary64 >= exact_binary64(W_upper) + Lambda_I,42.610903184525995,191902447703751533,4503599627370496,"max(W_upper, Lambda_I)",3.9040642080685903,36.66116565803565,32.75710144996706,36.66116565803565,1.667146993086011,122,12.340061705204237,12.504357154709991,0.25,0.9,1e-06,exponential_mark_and_probe,0.001,0.05,0.1469429734713703,0.8669527713121653,0.1469429734713703,0.8669527713121653,0.04477611940298507,0.11442786069651742,0.08955223880597014,0.04477611940298507,0.11442786069651742,199,199,199,220,220,0.0,1.0,0.0,0,0.0,1.0,0.014694297346826424,0.014694297346826424,0.014694297346826424,True,0.0811216589912979,0.0811216589912979,0.5671641791044776,1.0,0.0,0.5671641791044776,1.0,0.0,57213,False,False,,,,,,,,,,,,,45.182024240493774,45.182024240493774,0.0,,2,Erdos-Renyi,0.5,17,1,PCG64,bcd7401f033eda48546e1f75d66c3eb434bb72bbb3cd769f1f5f886a7b758cd8,6669324419f42b4d3dc42d22983f585fbd17c1bbba180d13617d2b020f5f9739,results/graph_N12_seed17.json,60ec3ad30931968819e5d02e590a47bcc02d2663,a6cade752c8530480b3741b86a17762b16f83f42c3eb3e5951321a19af1c0b47,addb3bac26421d3de0d2bf7858e599a4b9187e5a902564dec63be983816442b7,results/graph_instances.jsonl,0325f5fcc2ea08ef2e3719af0d5210410a8f886abac26c005f0f18f0361bc4d8,40
4,12,13,32,18,True,30.492986845320424,compatibility alias of W_upper,30.492986845320424,0x1.e7e3462ca026ap+4,17166025524249811,562949953421312,30.492986845320424,0x1.e7e3462ca026ap+4,4291506381062453,140737488355328,12,23921424965305555,562949953421312,5980356241326389,140737488355328,42.492986845320424,0x1.53f1a31650135p+5,5980356241326389,140737488355328,least binary64 >= exact_binary64(W_upper) + Lambda_I,30.492986845320424,17166025524249811,562949953421312,"max(W_upper, Lambda_I)",-0.7290631510425384,24.750445147972574,25.479508299015112,24.750445147972574,1.6677318238108603,132,7.764546077230911,8.040432040088005,0.25,0.9,1e-06,exponential_mark_and_probe,0.001,0.05,0.1177375266256302,0.6227707832359555,0.1177375266256302,0.6227707832359555,0.05970149253731343,0.16417910447761194,0.11940298507462686,0.05970149253731343,0.16417910447761194,177,177,177,171,171,0.0,1.0,0.0,0,0.0,1.0,0.011773752658965325,0.011773752658965325,0.011773752658965325,True,0.07123713953376377,0.07123713953376377,0.44776119402985076,0.9950248756218906,0.004975124378109453,0.44776119402985076,0.9950248756218906,0.004975124378109453,43135,False,False,,,,,,,,,,,,,37.50843787193298,37.50843787193298,0.0,,2,Erdos-Renyi,0.5,18,1,PCG64,1bbd12581c47b4141d4543a3ed427ad6cc8300cf6561ac27a944f350454e6e03,0fd2e9725216f51f76ce0839f1eb53afc4bff578b4999c3ce978d762e808db9c,results/graph_N12_seed18.json,60ec3ad30931968819e5d02e590a47bcc02d2663,a6cade752c8530480b3741b86a17762b16f83f42c3eb3e5951321a19af1c0b47,addb3bac26421d3de0d2bf7858e599a4b9187e5a902564dec63be983816442b7,results/graph_instances.jsonl,0325f5fcc2ea08ef2e3719af0d5210410a8f886abac26c005f0f18f0361bc4d8,40
4,12,13,38,19,True,37.52500180026941,compatibility alias of W_upper,37.52500180026941,0x1.2c333424d3fc6p+5,84498792062385241,2251799813685248,37.52500180026941,0x1.2c333424d3fc6p+5,2640587251949539,70368744177664,12,111520389826608217,2251799813685248,3485012182081507,70368744177664,49.52500180026941,0x1.8c333424d3fc6p+5,3485012182081507,70368744177664,least binary64 >= exact_binary64(W_upper) + Lambda_I,37.52500180026941,84498792062385241,2251799813685248,"max(W_upper, Lambda_I)",0.08305414039112292,31.610144487192073,31.52709034680095,31.610144487192073,1.5708713127500744,112,7.697168105301916,9.374772677618768,0.25,0.9,1e-06,exponential_mark_and_probe,0.001,0.05,0.48023187359266206,0.33221640696233584,0.48023187359266206,0.33221640696233584,0.07960199004975124,0.30845771144278605,0.09950248756218906,0.07960199004975124,0.30845771144278605,59,59,59,200,200,0.024542525398075665,1.0,0.0,0,0.0,1.0,0.04802318735926281,0.04802318735926281,0.04802318735926281,True,0.2766416113454139,0.2766416113454139,1.0,1.0,0.0,1.0,1.0,0.0,27733,False,False,,,,,,,,,,,,,24.08297824859619,24.08297824859619,0.0,,2,Erdos-Renyi,0.5,19,1,PCG64,d4639aa81f3396812be9ff6b962fd27756f3d60a7d4bbbe2a3518141e29f7f0d,697a44f1f931b509439e1a2933521e11f7b2f058297d466ab0dedb9f6f39b4a9,results/graph_N12_seed19.json,60ec3ad30931968819e5d02e590a47bcc02d2663,a6cade752c8530480b3741b86a17762b16f83f42c3eb3e5951321a19af1c0b47,addb3bac26421d3de0d2bf7858e599a4b9187e5a902564dec63be983816442b7,results/graph_instances.jsonl,0325f5fcc2ea08ef2e3719af0d5210410a8f886abac26c005f0f18f0361bc4d8,40
